<?xml version="1.0" ?>
<questestinterop xmlns="http://www.imsglobal.org/xsd/ims_qtiasiv1p2" xmlns:xsi="http://www.w3.org/2001/XMLSchema-instance" xsi:schemaLocation="http://www.imsglobal.org/xsd/ims_qtiasiv1p2 http://www.imsglobal.org/xsd/ims_qtiasiv1p2p1.xsd">
  <objectbank ident="4666fbb6-72df-472d-84f4-5017e448ca39">
    <qtimetadata>
      <qtimetadatafield>
        <fieldlabel>bank_title</fieldlabel>
        <fieldentry>C &amp; M Variabler</fieldentry>
      </qtimetadatafield>
    </qtimetadata>
    <item ident="42d82935-9c07-4efa-b1b8-3da2ba7b00bd" title="Fråga 1">
      <itemmetadata>
        <qtimetadata>
          <qtimetadatafield>
            <fieldlabel>question_type</fieldlabel>
            <fieldentry>multiple_choice_question</fieldentry>
          </qtimetadatafield>
          <qtimetadatafield>
            <fieldlabel>points_possible</fieldlabel>
            <fieldentry>1.0</fieldentry>
          </qtimetadatafield>
        </qtimetadata>
      </itemmetadata>
      <presentation>
        <material>
          <mattext texttype="text/html">Är nedanstående ett giltigt variabelnamn?
&lt;pre&gt;&lt;code&gt;int 12a = 5;&lt;/code&gt;&lt;/pre&gt;</mattext>
        </material>
        <response_lid ident="svar1" rcardinality="Single">
          <render_choice>
            <response_label ident="fel1">
              <material>
                <mattext texttype="text/plain">Ja</mattext>
              </material>
            </response_label>
            <response_label ident="korrekt1">
              <material>
                <mattext texttype="text/plain">Nej</mattext>
              </material>
            </response_label>
          </render_choice>
        </response_lid>
      </presentation>
      <resprocessing>
        <outcomes>
          <decvar maxvalue="100" minvalue="0" varname="SCORE" vartype="Decimal"/>
        </outcomes>
        <respcondition>
          <conditionvar>
            <varequal respident="svar1">korrekt1</varequal>
          </conditionvar>
          <setvar action="Set" varname="SCORE">100</setvar>
        </respcondition>
      </resprocessing>
    </item>
    <item ident="e2d04350-950d-4f35-9a33-a31b203445b9" title="Fråga 2">
      <itemmetadata>
        <qtimetadata>
          <qtimetadatafield>
            <fieldlabel>question_type</fieldlabel>
            <fieldentry>multiple_choice_question</fieldentry>
          </qtimetadatafield>
          <qtimetadatafield>
            <fieldlabel>points_possible</fieldlabel>
            <fieldentry>1.0</fieldentry>
          </qtimetadatafield>
        </qtimetadata>
      </itemmetadata>
      <presentation>
        <material>
          <mattext texttype="text/html">Vad är värdet av variabeln b? &lt;pre&gt;&lt;code&gt;int a = 7; int b = a;&lt;/code&gt;&lt;/pre&gt;</mattext>
        </material>
        <response_lid ident="svar1" rcardinality="Multiple">
          <render_choice>
            <response_label ident="fel1">
              <material>
                <mattext texttype="text/plain">5</mattext>
              </material>
            </response_label>
            <response_label ident="korrekt1">
              <material>
                <mattext texttype="text/plain">2</mattext>
              </material>
            </response_label>
            <response_label ident="korrekt2">
              <material>
                <mattext texttype="text/plain">7</mattext>
              </material>
            </response_label>
            <response_label ident="fel2">
              <material>
                <mattext texttype="text/plain">Odefinerat</mattext>
              </material>
            </response_label>
          </render_choice>
        </response_lid>
      </presentation>
      <resprocessing>
        <outcomes>
          <decvar maxvalue="100" minvalue="0" varname="SCORE" vartype="Decimal"/>
        </outcomes>
        <respcondition>
          <conditionvar>
            <varequal respident="svar1">korrekt1</varequal>
            <varequal respident="svar1">korrekt2</varequal>
          </conditionvar>
          <setvar action="Set" varname="SCORE">100</setvar>
          <setvar action="Set" varname="SCORE">100</setvar>
        </respcondition>
      </resprocessing>
    </item>
    <item ident="e3f849c0-6dbd-4f61-9af3-0183553650b2" title="Fråga 3">
      <itemmetadata>
        <qtimetadata>
          <qtimetadatafield>
            <fieldlabel>question_type</fieldlabel>
            <fieldentry>multiple_choice_question</fieldentry>
          </qtimetadatafield>
          <qtimetadatafield>
            <fieldlabel>points_possible</fieldlabel>
            <fieldentry>1.0</fieldentry>
          </qtimetadatafield>
        </qtimetadata>
      </itemmetadata>
      <presentation>
        <material>
          <mattext texttype="text/html">Är nedanstående ett giltigt variabelnamn?
&lt;pre&gt;&lt;code&gt;int _varName = 10;&lt;/code&gt;&lt;/pre&gt;</mattext>
        </material>
        <response_lid ident="svar1" rcardinality="Single">
          <render_choice>
            <response_label ident="korrekt1">
              <material>
                <mattext texttype="text/plain">Ja</mattext>
              </material>
            </response_label>
            <response_label ident="fel1">
              <material>
                <mattext texttype="text/plain">Nej</mattext>
              </material>
            </response_label>
          </render_choice>
        </response_lid>
      </presentation>
      <resprocessing>
        <outcomes>
          <decvar maxvalue="100" minvalue="0" varname="SCORE" vartype="Decimal"/>
        </outcomes>
        <respcondition>
          <conditionvar>
            <varequal respident="svar1">korrekt1</varequal>
          </conditionvar>
          <setvar action="Set" varname="SCORE">100</setvar>
        </respcondition>
      </resprocessing>
    </item>
    <item ident="33c9ab5d-e71b-40dc-bb51-c125e1eddf7b" title="Fråga 4">
      <itemmetadata>
        <qtimetadata>
          <qtimetadatafield>
            <fieldlabel>question_type</fieldlabel>
            <fieldentry>multiple_choice_question</fieldentry>
          </qtimetadatafield>
          <qtimetadatafield>
            <fieldlabel>points_possible</fieldlabel>
            <fieldentry>1.0</fieldentry>
          </qtimetadatafield>
        </qtimetadata>
      </itemmetadata>
      <presentation>
        <material>
          <mattext texttype="text/html">Är nedanstående ett giltigt variabelnamn?
&lt;pre&gt;&lt;code&gt;int var-name = 15;&lt;/code&gt;&lt;/pre&gt;</mattext>
        </material>
        <response_lid ident="svar1" rcardinality="Single">
          <render_choice>
            <response_label ident="fel1">
              <material>
                <mattext texttype="text/plain">Ja</mattext>
              </material>
            </response_label>
            <response_label ident="korrekt1">
              <material>
                <mattext texttype="text/plain">Nej</mattext>
              </material>
            </response_label>
          </render_choice>
        </response_lid>
      </presentation>
      <resprocessing>
        <outcomes>
          <decvar maxvalue="100" minvalue="0" varname="SCORE" vartype="Decimal"/>
        </outcomes>
        <respcondition>
          <conditionvar>
            <varequal respident="svar1">korrekt1</varequal>
          </conditionvar>
          <setvar action="Set" varname="SCORE">100</setvar>
        </respcondition>
      </resprocessing>
    </item>
    <item ident="30e1d22d-1c7a-4d0f-9130-10e63c72fbe0" title="Fråga 5">
      <itemmetadata>
        <qtimetadata>
          <qtimetadatafield>
            <fieldlabel>question_type</fieldlabel>
            <fieldentry>multiple_choice_question</fieldentry>
          </qtimetadatafield>
          <qtimetadatafield>
            <fieldlabel>points_possible</fieldlabel>
            <fieldentry>1.0</fieldentry>
          </qtimetadatafield>
        </qtimetadata>
      </itemmetadata>
      <presentation>
        <material>
          <mattext texttype="text/html">Är nedanstående ett giltigt variabelnamn?
&lt;pre&gt;&lt;code&gt;int !value = 20;&lt;/code&gt;&lt;/pre&gt;</mattext>
        </material>
        <response_lid ident="svar1" rcardinality="Single">
          <render_choice>
            <response_label ident="fel1">
              <material>
                <mattext texttype="text/plain">Ja</mattext>
              </material>
            </response_label>
            <response_label ident="korrekt1">
              <material>
                <mattext texttype="text/plain">Nej</mattext>
              </material>
            </response_label>
          </render_choice>
        </response_lid>
      </presentation>
      <resprocessing>
        <outcomes>
          <decvar maxvalue="100" minvalue="0" varname="SCORE" vartype="Decimal"/>
        </outcomes>
        <respcondition>
          <conditionvar>
            <varequal respident="svar1">korrekt1</varequal>
          </conditionvar>
          <setvar action="Set" varname="SCORE">100</setvar>
        </respcondition>
      </resprocessing>
    </item>
    <item ident="9396cb2b-0407-4438-a1e5-634169496add" title="Fråga 6">
      <itemmetadata>
        <qtimetadata>
          <qtimetadatafield>
            <fieldlabel>question_type</fieldlabel>
            <fieldentry>multiple_choice_question</fieldentry>
          </qtimetadatafield>
          <qtimetadatafield>
            <fieldlabel>points_possible</fieldlabel>
            <fieldentry>1.0</fieldentry>
          </qtimetadatafield>
        </qtimetadata>
      </itemmetadata>
      <presentation>
        <material>
          <mattext texttype="text/html">Är nedanstående ett giltigt variabelnamn?
&lt;pre&gt;&lt;code&gt;int a_variable = 25;&lt;/code&gt;&lt;/pre&gt;</mattext>
        </material>
        <response_lid ident="svar1" rcardinality="Single">
          <render_choice>
            <response_label ident="korrekt1">
              <material>
                <mattext texttype="text/plain">Ja</mattext>
              </material>
            </response_label>
            <response_label ident="fel1">
              <material>
                <mattext texttype="text/plain">Nej</mattext>
              </material>
            </response_label>
          </render_choice>
        </response_lid>
      </presentation>
      <resprocessing>
        <outcomes>
          <decvar maxvalue="100" minvalue="0" varname="SCORE" vartype="Decimal"/>
        </outcomes>
        <respcondition>
          <conditionvar>
            <varequal respident="svar1">korrekt1</varequal>
          </conditionvar>
          <setvar action="Set" varname="SCORE">100</setvar>
        </respcondition>
      </resprocessing>
    </item>
    <item ident="32cac83b-56cf-4833-bc86-ab7c948ac017" title="Fråga 7">
      <itemmetadata>
        <qtimetadata>
          <qtimetadatafield>
            <fieldlabel>question_type</fieldlabel>
            <fieldentry>multiple_choice_question</fieldentry>
          </qtimetadatafield>
          <qtimetadatafield>
            <fieldlabel>points_possible</fieldlabel>
            <fieldentry>1.0</fieldentry>
          </qtimetadatafield>
        </qtimetadata>
      </itemmetadata>
      <presentation>
        <material>
          <mattext texttype="text/html">Vad är värdet av variabeln x? &lt;pre&gt;&lt;code&gt;int x = 5 * 5;&lt;/code&gt;&lt;/pre&gt;</mattext>
        </material>
        <response_lid ident="svar1" rcardinality="Single">
          <render_choice>
            <response_label ident="fel1">
              <material>
                <mattext texttype="text/plain">5</mattext>
              </material>
            </response_label>
            <response_label ident="fel2">
              <material>
                <mattext texttype="text/plain">10</mattext>
              </material>
            </response_label>
            <response_label ident="korrekt1">
              <material>
                <mattext texttype="text/plain">25</mattext>
              </material>
            </response_label>
            <response_label ident="fel3">
              <material>
                <mattext texttype="text/plain">50</mattext>
              </material>
            </response_label>
          </render_choice>
        </response_lid>
      </presentation>
      <resprocessing>
        <outcomes>
          <decvar maxvalue="100" minvalue="0" varname="SCORE" vartype="Decimal"/>
        </outcomes>
        <respcondition>
          <conditionvar>
            <varequal respident="svar1">korrekt1</varequal>
          </conditionvar>
          <setvar action="Set" varname="SCORE">100</setvar>
        </respcondition>
      </resprocessing>
    </item>
    <item ident="69cd00f1-3852-4ecc-bb7c-116bfb7d694a" title="Fråga 8">
      <itemmetadata>
        <qtimetadata>
          <qtimetadatafield>
            <fieldlabel>question_type</fieldlabel>
            <fieldentry>multiple_choice_question</fieldentry>
          </qtimetadatafield>
          <qtimetadatafield>
            <fieldlabel>points_possible</fieldlabel>
            <fieldentry>1.0</fieldentry>
          </qtimetadatafield>
        </qtimetadata>
      </itemmetadata>
      <presentation>
        <material>
          <mattext texttype="text/html">Är nedanstående ett giltigt variabelnamn?
&lt;pre&gt;&lt;code&gt;int int = 30;&lt;/code&gt;&lt;/pre&gt;</mattext>
        </material>
        <response_lid ident="svar1" rcardinality="Single">
          <render_choice>
            <response_label ident="fel1">
              <material>
                <mattext texttype="text/plain">Ja</mattext>
              </material>
            </response_label>
            <response_label ident="korrekt1">
              <material>
                <mattext texttype="text/plain">Nej</mattext>
              </material>
            </response_label>
          </render_choice>
        </response_lid>
      </presentation>
      <resprocessing>
        <outcomes>
          <decvar maxvalue="100" minvalue="0" varname="SCORE" vartype="Decimal"/>
        </outcomes>
        <respcondition>
          <conditionvar>
            <varequal respident="svar1">korrekt1</varequal>
          </conditionvar>
          <setvar action="Set" varname="SCORE">100</setvar>
        </respcondition>
      </resprocessing>
    </item>
  </objectbank>
</questestinterop>
